epoch,accuracy,auc,learning_rate,loss,precision,recall,val_accuracy,val_auc,val_loss,val_precision,val_recall
0,0.5769835710525513,0.6083150506019592,0.00010517703776713461,0.1779787689447403,0.537088930606842,0.6067041158676147,0.6128699779510498,0.666519820690155,0.15782667696475983,0.5707667469978333,0.6512545347213745
1,0.6183863282203674,0.6736263036727905,0.00012043541937600821,0.16205637156963348,0.5776796340942383,0.6450082063674927,0.49413907527923584,0.6254826784133911,0.16812127828598022,0.4444155991077423,0.3824733793735504
2,0.6307779550552368,0.6878011226654053,0.0004517673223745078,0.1601216197013855,0.590613603591919,0.6527881026268005,0.5579388737678528,0.6229119300842285,0.1869158297777176,0.5187152028083801,0.5891594290733337
